[
    {
        "actionName": "Action",
        "steps": [
            {
                "stepId": "STEP3",
                "stepName": "Submit Data: validate",
                "infFile": "t5.inf",
                "time": 1709120759861
            },
            {
                "stepId": "STEP4",
                "stepName": "Url: action-summary",
                "infFile": "t6.inf",
                "time": 1709120760351
            },
            {
                "stepId": "STEP5",
                "stepName": "Url: leaves",
                "infFile": "t7.inf",
                "time": 1709120760817
            },
            {
                "stepId": "STEP6",
                "stepName": "Url: feed",
                "infFile": "t8.inf",
                "time": 1709120761201
            },
            {
                "stepId": "STEP7",
                "stepName": "Custom Request: push",
                "infFile": "t9.inf",
                "time": 1709120761548
            },
            {
                "stepId": "STEP8",
                "stepName": "Url: shortcuts",
                "infFile": "t10.inf",
                "time": 1709120761948
            },
            {
                "stepId": "STEP9",
                "stepName": "Url: locations",
                "infFile": "t11.inf",
                "time": 1709120762347
            },
            {
                "stepId": "STEP10",
                "stepName": "Url: subunit",
                "infFile": "t12.inf",
                "time": 1709120762754
            },
            {
                "stepId": "STEP11",
                "stepName": "Url: myPerformanceReview",
                "infFile": "t13.inf",
                "time": 1709120763178
            },
            {
                "stepId": "STEP12",
                "stepName": "Url: reviews",
                "infFile": "t14.inf",
                "time": 1709120764146
            },
            {
                "stepId": "STEP13",
                "stepName": "Url: viewEmployeePerformanceTrackerList",
                "infFile": "t15.inf",
                "time": 1709120764618
            },
            {
                "stepId": "STEP14",
                "stepName": "Url: trackers",
                "infFile": "t16.inf",
                "time": 1709120764989
            },
            {
                "stepId": "STEP15",
                "stepName": "Url: viewDirectory",
                "infFile": "t17.inf",
                "time": 1709120766274
            },
            {
                "stepId": "STEP16",
                "stepName": "Url: employees",
                "infFile": "t18.inf",
                "time": 1709120766650
            }
        ],
        "transactions": []
    }
]