[
    {
        "actionName": "vuser_init",
        "steps": [
            {
                "stepId": "STEP1",
                "stepName": "Url: opensource-demo.orangehrmlive.com",
                "infFile": "t3.inf",
                "time": 1709120758024
            },
            {
                "stepId": "STEP2",
                "stepName": "Url: messages",
                "infFile": "t4.inf",
                "time": 1709120758684
            }
        ],
        "transactions": []
    }
]