{"data":[{"empNumber":104,"lastName":"010Z","firstName":"A8DCo","middleName":"4Ys","terminationId":null,"jobTitle":{"id":null,"title":null,"isDeleted":null},"subunit":{"id":null,"name":null},"location":{"id":null,"name":null}},{"empNumber":86,"lastName":"5TlV","firstName":"99N75","middleName":"425","terminationId":null,"jobTitle":{"id":null,"title":null,"isDeleted":null},"subunit":{"id":null,"name":null},"location":{"id":null,"name":null}},{"empNumber":2,"lastName":"Adalwin","firstName":"Odis","middleName":"","terminationId":null,"jobTitle":{"id":3,"title":"Chief Technical Officer","isDeleted":false},"subunit":{"id":2,"name":"Administration"},"location":{"id":1,"name":"HQ - CA, USA"}},{"empNumber":69,"lastName":"Akunuri","firstName":"Ranga","middleName":"","terminationId":null,"jobTitle":{"id":null,"title":null,"isDeleted":null},"subunit":{"id":null,"name":null},"location":{"id":null,"name":null}},{"empNumber":95,"lastName":"Amiano","firstName":"Timothy","middleName":"Lewis","terminationId":null,"jobTitle":{"id":null,"title":null,"isDeleted":null},"subunit":{"id":null,"name":null},"location":{"id":null,"name":null}},{"empNumber":46,"lastName":"B","firstName":"Ravi","middleName":"M","terminationId":null,"jobTitle":{"id":null,"title":null,"isDeleted":null},"subunit":{"id":null,"name":null},"location":{"id":null,"name":null}},{"empNumber":7,"lastName":"Bo nie wytrzymam","firstName":"TEST","middleName":"TEST","terminationId":null,"jobTitle":{"id":23,"title":"HR Manager","isDeleted":false},"subunit":{"id":13,"name":"Human Resources"},"location":{"id":5,"name":"Texas R&D"}},{"empNumber":96,"lastName":"Das","firstName":"Rahul","middleName":"","terminationId":null,"jobTitle":{"id":null,"title":null,"isDeleted":null},"subunit":{"id":null,"name":null},"location":{"id":null,"name":null}},{"empNumber":97,"lastName":"Das","firstName":"Rahul","middleName":"","terminationId":null,"jobTitle":{"id":null,"title":null,"isDeleted":null},"subunit":{"id":null,"name":null},"location":{"id":null,"name":null}},{"empNumber":98,"lastName":"Das","firstName":"Rahul","middleName":"","terminationId":null,"jobTitle":{"id":null,"title":null,"isDeleted":null},"subunit":{"id":null,"name":null},"location":{"id":null,"name":null}},{"empNumber":99,"lastName":"Das","firstName":"Rahul","middleName":"","terminationId":null,"jobTitle":{"id":null,"title":null,"isDeleted":null},"subunit":{"id":null,"name":null},"location":{"id":null,"name":null}},{"empNumber":101,"lastName":"Das","firstName":"Rahul","middleName":"","terminationId":null,"jobTitle":{"id":null,"title":null,"isDeleted":null},"subunit":{"id":null,"name":null},"location":{"id":null,"name":null}},{"empNumber":124,"lastName":"Doe","firstName":"John","middleName":"Smith","terminationId":null,"jobTitle":{"id":null,"title":null,"isDeleted":null},"subunit":{"id":null,"name":null},"location":{"id":null,"name":null}},{"empNumber":82,"lastName":"dulvin","firstName":"savina","middleName":"dulvin","terminationId":null,"jobTitle":{"id":null,"title":null,"isDeleted":null},"subunit":{"id":null,"name":null},"location":{"id":null,"name":null}}],"meta":{"total":63},"rels":[]}