{"data":[{"id":15,"post":{"id":13},"type":"text","liked":false,"text":"-2121951788","employee":{"empNumber":7,"lastName":"Bo nie wytrzymam","firstName":"TEST","middleName":"TEST","employeeId":"0024","terminationId":null},"stats":{"numOfLikes":0,"numOfComments":0,"numOfShares":0},"createdDate":"2024-02-26","createdTime":"10:41","originalPost":null,"permission":{"canUpdate":true,"canDelete":true}},{"id":14,"post":{"id":12},"type":"text","liked":false,"text":"www.foo.com","employee":{"empNumber":7,"lastName":"Bo nie wytrzymam","firstName":"TEST","middleName":"TEST","employeeId":"0024","terminationId":null},"stats":{"numOfLikes":0,"numOfComments":0,"numOfShares":0},"createdDate":"2024-02-26","createdTime":"10:29","originalPost":null,"permission":{"canUpdate":true,"canDelete":true}},{"id":11,"post":{"id":10},"type":"photo","liked":false,"text":"#TOD ","employee":{"empNumber":2,"lastName":"Adalwin","firstName":"Odis","middleName":"","employeeId":"0002","terminationId":null},"stats":{"numOfLikes":1,"numOfComments":0,"numOfShares":0},"createdDate":"2020-10-08","createdTime":"03:39","originalPost":null,"permission":{"canUpdate":false,"canDelete":true},"photoIds":[11]},{"id":10,"post":{"id":9},"type":"text","liked":false,"text":"Hi All;\r\n\r\nLinda has been blessed with a baby boy!\r\n\r\n\r\n\r\nLinda: With love, we welcome your dear new baby to this world. Congratulations!","employee":{"empNumber":7,"lastName":"Bo nie wytrzymam","firstName":"TEST","middleName":"TEST","employeeId":"0024","terminationId":null},"stats":{"numOfLikes":1,"numOfComments":0,"numOfShares":0},"createdDate":"2020-10-08","createdTime":"03:38","originalPost":null,"permission":{"canUpdate":true,"canDelete":true}},{"id":9,"post":{"id":8},"type":"text","liked":true,"text":"World Championship: What makes the perfect snooker player?\r\n\r\nMark Selby: Robertson has one of the best techniques in the game. It is very, very straight and he fully commits to every single shot he plays.\r\n\r\nJohn Higgins: Every shot is repetitive. He always keeps the same technique and cues through the ball bang straight.\r\n\r\nBarry Hawkins: Robertson is textbook with his grip and has a ramrod solid cue action, delivering it in a straight line.\r\n\r\nHonourable mentions: Shaun Murphy, Ding Junhui, Jack Lisowski.","employee":{"empNumber":22,"lastName":"Shaheen","firstName":"Sania","middleName":"","employeeId":"0087","terminationId":null},"stats":{"numOfLikes":2,"numOfComments":0,"numOfShares":0},"createdDate":"2020-10-08","createdTime":"03:38","originalPost":null,"permission":{"canUpdate":false,"canDelete":true}}],"meta":{"total":7},"rels":[]}