{
  "FilterHeaders": [
    {
      "Header": "user-agent",
      "IncludeInScript": false
    },
    {
      "Header": "upgrade-insecure-requests",
      "IncludeInScript": false
    },
    {
      "Header": "sec-gpc",
      "IncludeInScript": false
    },
    {
      "Header": "sec-fetch-user",
      "IncludeInScript": false
    },
    {
      "Header": "sec-fetch-site",
      "IncludeInScript": false
    },
    {
      "Header": "sec-fetch-mode",
      "IncludeInScript": false
    },
    {
      "Header": "sec-fetch-dest",
      "IncludeInScript": false
    },
    {
      "Header": "pragma",
      "IncludeInScript": false
    },
    {
      "Header": "origin",
      "IncludeInScript": false
    },
    {
      "Header": "if-none-match",
      "IncludeInScript": false
    },
    {
      "Header": "if-modified-since",
      "IncludeInScript": false
    },
    {
      "Header": "dnt",
      "IncludeInScript": false
    },
    {
      "Header": "contenttype",
      "IncludeInScript": false
    },
    {
      "Header": "cache-control",
      "IncludeInScript": false
    },
    {
      "Header": "accept-language",
      "IncludeInScript": true
    },
    {
      "Header": "accept-encoding",
      "IncludeInScript": false
    },
    {
      "Header": "accept",
      "IncludeInScript": false
    }
  ],
  "FilterResources": [
    {
      "IsNonResource": true,
      "type": "text/html"
    },
    {
      "IsNonResource": false,
      "type": "text/css"
    },
    {
      "IsNonResource": false,
      "type": "image/vnd.microsoft.icon"
    },
    {
      "IsNonResource": false,
      "type": "image/svg+xml"
    },
    {
      "IsNonResource": false,
      "type": "image/png"
    },
    {
      "IsNonResource": false,
      "type": "image/jpeg"
    },
    {
      "IsNonResource": false,
      "type": "application/ocsp-response"
    },
    {
      "IsNonResource": true,
      "type": "application/json"
    },
    {
      "IsNonResource": false,
      "type": "application/javascript"
    },
    {
      "IsNonResource": false,
      "type": "application/font-woff"
    }
  ],
  "GeneralInfo": {
    "BrowserVersion": "",
    "IsWinInetMode": false,
    "MaxUsedConnections": 9,
    "RecordedBrowser": "Firefox",
    "RecordingDate": "Feb-28-2024",
    "RecordingDuration": 178812,
    "RecordingMode": "N/A",
    "RecordingTimeStamp": 1709120093,
    "RecordingType": "Browser",
    "TotalBytesReceived": 4861765,
    "TotalBytesSent": 60361,
    "TotalRequests": 99,
    "UserAgent": "Mozilla/5.0 (Windows NT 10.0; Win64; x64; rv:123.0) Gecko/20100101 Firefox/123.0"
  },
  "HostInfo": [
    {
      "DomainName": "orangehrmlive.com",
      "Domains": [
        {
          "HTTPVersion": "HTTP/1.1",
          "IP": "78.136.60.48",
          "IncludeInScript": true,
          "Name": "opensource-demo.orangehrmlive.com",
          "Port": 443,
          "Requests": [
            {
              "CompressionType": "",
              "DataType": "",
              "DownloadTime": 156,
              "EventId": 834,
              "HttpStatus": 304,
              "Size": 0,
              "URL": "https://opensource-demo.orangehrmlive.com/web/dist/img/blob.svg"
            },
            {
              "CompressionType": "",
              "DataType": "",
              "DownloadTime": 156,
              "EventId": 832,
              "HttpStatus": 304,
              "Size": 0,
              "URL": "https://opensource-demo.orangehrmlive.com/web/images/ohrm_logo.png"
            },
            {
              "CompressionType": "",
              "DataType": "",
              "DownloadTime": 141,
              "EventId": 830,
              "HttpStatus": 304,
              "Size": 0,
              "URL": "https://opensource-demo.orangehrmlive.com/web/images/ohrm_branding.png?v=1706326081969"
            },
            {
              "CompressionType": "",
              "DataType": "",
              "DownloadTime": 266,
              "EventId": 828,
              "HttpStatus": 304,
              "Size": 0,
              "URL": "https://opensource-demo.orangehrmlive.com/web/index.php/core/i18n/messages"
            },
            {
              "CompressionType": "",
              "DataType": "",
              "DownloadTime": 157,
              "EventId": 826,
              "HttpStatus": 304,
              "Size": 0,
              "URL": "https://opensource-demo.orangehrmlive.com/web/dist/js/app.js?v=1706326081969"
            },
            {
              "CompressionType": "",
              "DataType": "",
              "DownloadTime": 156,
              "EventId": 824,
              "HttpStatus": 304,
              "Size": 0,
              "URL": "https://opensource-demo.orangehrmlive.com/web/dist/js/chunk-vendors.js?v=1706326081969"
            },
            {
              "CompressionType": "",
              "DataType": "",
              "DownloadTime": 156,
              "EventId": 822,
              "HttpStatus": 304,
              "Size": 0,
              "URL": "https://opensource-demo.orangehrmlive.com/web/dist/css/app.css?v=1706326081969"
            },
            {
              "CompressionType": "",
              "DataType": "",
              "DownloadTime": 141,
              "EventId": 820,
              "HttpStatus": 304,
              "Size": 0,
              "URL": "https://opensource-demo.orangehrmlive.com/web/dist/css/chunk-vendors.css?v=1706326081969"
            },
            {
              "CompressionType": "",
              "DataType": "text/html",
              "DownloadTime": 328,
              "EventId": 818,
              "HttpStatus": 200,
              "Size": 3472,
              "URL": "https://opensource-demo.orangehrmlive.com/web/index.php/auth/login"
            },
            {
              "CompressionType": "",
              "DataType": "text/html",
              "DownloadTime": 281,
              "EventId": 816,
              "HttpStatus": 302,
              "Size": 510,
              "URL": "https://opensource-demo.orangehrmlive.com/web/index.php/auth/logout"
            },
            {
              "CompressionType": "",
              "DataType": "image/png",
              "DownloadTime": 406,
              "EventId": 806,
              "HttpStatus": 200,
              "Size": 4649,
              "URL": "https://opensource-demo.orangehrmlive.com/web/index.php/pim/viewPhoto/empNumber/46"
            },
            {
              "CompressionType": "",
              "DataType": "image/png",
              "DownloadTime": 437,
              "EventId": 804,
              "HttpStatus": 200,
              "Size": 4649,
              "URL": "https://opensource-demo.orangehrmlive.com/web/index.php/pim/viewPhoto/empNumber/82"
            },
            {
              "CompressionType": "",
              "DataType": "image/jpeg",
              "DownloadTime": 485,
              "EventId": 801,
              "HttpStatus": 200,
              "Size": 58311,
              "URL": "https://opensource-demo.orangehrmlive.com/web/index.php/pim/viewPhoto/empNumber/124"
            },
            {
              "CompressionType": "",
              "DataType": "image/png",
              "DownloadTime": 328,
              "EventId": 799,
              "HttpStatus": 200,
              "Size": 4649,
              "URL": "https://opensource-demo.orangehrmlive.com/web/index.php/pim/viewPhoto/empNumber/101"
            },
            {
              "CompressionType": "",
              "DataType": "image/png",
              "DownloadTime": 375,
              "EventId": 797,
              "HttpStatus": 200,
              "Size": 664,
              "URL": "https://opensource-demo.orangehrmlive.com/web/index.php/pim/viewPhoto/empNumber/95"
            },
            {
              "CompressionType": "",
              "DataType": "image/png",
              "DownloadTime": 375,
              "EventId": 795,
              "HttpStatus": 200,
              "Size": 4649,
              "URL": "https://opensource-demo.orangehrmlive.com/web/index.php/pim/viewPhoto/empNumber/99"
            },
            {
              "CompressionType": "",
              "DataType": "image/png",
              "DownloadTime": 391,
              "EventId": 791,
              "HttpStatus": 200,
              "Size": 4649,
              "URL": "https://opensource-demo.orangehrmlive.com/web/index.php/pim/viewPhoto/empNumber/98"
            },
            {
              "CompressionType": "",
              "DataType": "image/png",
              "DownloadTime": 359,
              "EventId": 789,
              "HttpStatus": 200,
              "Size": 4649,
              "URL": "https://opensource-demo.orangehrmlive.com/web/index.php/pim/viewPhoto/empNumber/97"
            },
            {
              "CompressionType": "",
              "DataType": "image/png",
              "DownloadTime": 297,
              "EventId": 787,
              "HttpStatus": 200,
              "Size": 4649,
              "URL": "https://opensource-demo.orangehrmlive.com/web/index.php/pim/viewPhoto/empNumber/96"
            },
            {
              "CompressionType": "",
              "DataType": "image/png",
              "DownloadTime": 438,
              "EventId": 783,
              "HttpStatus": 200,
              "Size": 4649,
              "URL": "https://opensource-demo.orangehrmlive.com/web/index.php/pim/viewPhoto/empNumber/69"
            },
            {
              "CompressionType": "",
              "DataType": "",
              "DownloadTime": 390,
              "EventId": 781,
              "HttpStatus": 304,
              "Size": 0,
              "URL": "https://opensource-demo.orangehrmlive.com/web/index.php/pim/viewPhoto/empNumber/2"
            },
            {
              "CompressionType": "",
              "DataType": "image/png",
              "DownloadTime": 344,
              "EventId": 778,
              "HttpStatus": 200,
              "Size": 4649,
              "URL": "https://opensource-demo.orangehrmlive.com/web/index.php/pim/viewPhoto/empNumber/86"
            },
            {
              "CompressionType": "",
              "DataType": "image/png",
              "DownloadTime": 312,
              "EventId": 776,
              "HttpStatus": 200,
              "Size": 4649,
              "URL": "https://opensource-demo.orangehrmlive.com/web/index.php/pim/viewPhoto/empNumber/104"
            },
            {
              "CompressionType": "",
              "DataType": "application/json",
              "DownloadTime": 437,
              "EventId": 771,
              "HttpStatus": 200,
              "Size": 3133,
              "URL": "https://opensource-demo.orangehrmlive.com/web/index.php/api/v2/directory/employees?limit=14&offset=0"
            },
            {
              "CompressionType": "",
              "DataType": "",
              "DownloadTime": 329,
              "EventId": 769,
              "HttpStatus": 304,
              "Size": 0,
              "URL": "https://opensource-demo.orangehrmlive.com/web/index.php/pim/viewPhoto/empNumber/7"
            },
            {
              "CompressionType": "",
              "DataType": "",
              "DownloadTime": 156,
              "EventId": 767,
              "HttpStatus": 304,
              "Size": 0,
              "URL": "https://opensource-demo.orangehrmlive.com/web/images/orangehrm-logo.png?v=1706326081969"
            },
            {
              "CompressionType": "",
              "DataType": "",
              "DownloadTime": 140,
              "EventId": 765,
              "HttpStatus": 304,
              "Size": 0,
              "URL": "https://opensource-demo.orangehrmlive.com/web/images/orange.png?v=1706326081969"
            },
            {
              "CompressionType": "",
              "DataType": "",
              "DownloadTime": 281,
              "EventId": 763,
              "HttpStatus": 304,
              "Size": 0,
              "URL": "https://opensource-demo.orangehrmlive.com/web/index.php/core/i18n/messages"
            },
            {
              "CompressionType": "",
              "DataType": "",
              "DownloadTime": 156,
              "EventId": 761,
              "HttpStatus": 304,
              "Size": 0,
              "URL": "https://opensource-demo.orangehrmlive.com/web/dist/js/app.js?v=1706326081969"
            },
            {
              "CompressionType": "",
              "DataType": "",
              "DownloadTime": 157,
              "EventId": 759,
              "HttpStatus": 304,
              "Size": 0,
              "URL": "https://opensource-demo.orangehrmlive.com/web/dist/js/chunk-vendors.js?v=1706326081969"
            },
            {
              "CompressionType": "",
              "DataType": "",
              "DownloadTime": 156,
              "EventId": 757,
              "HttpStatus": 304,
              "Size": 0,
              "URL": "https://opensource-demo.orangehrmlive.com/web/dist/css/app.css?v=1706326081969"
            },
            {
              "CompressionType": "",
              "DataType": "",
              "DownloadTime": 140,
              "EventId": 755,
              "HttpStatus": 304,
              "Size": 0,
              "URL": "https://opensource-demo.orangehrmlive.com/web/dist/css/chunk-vendors.css?v=1706326081969"
            },
            {
              "CompressionType": "",
              "DataType": "text/html",
              "DownloadTime": 344,
              "EventId": 753,
              "HttpStatus": 200,
              "Size": 8822,
              "URL": "https://opensource-demo.orangehrmlive.com/web/index.php/directory/viewDirectory"
            },
            {
              "CompressionType": "",
              "DataType": "application/json",
              "DownloadTime": 359,
              "EventId": 748,
              "HttpStatus": 200,
              "Size": 258,
              "URL": "https://opensource-demo.orangehrmlive.com/web/index.php/api/v2/performance/employees/trackers?limit=50&offset=0&sortField=tracker.modifiedDate&sortOrder=DESC&includeEmployees=onlyCurrent"
            },
            {
              "CompressionType": "",
              "DataType": "",
              "DownloadTime": 296,
              "EventId": 746,
              "HttpStatus": 304,
              "Size": 0,
              "URL": "https://opensource-demo.orangehrmlive.com/web/index.php/pim/viewPhoto/empNumber/7"
            },
            {
              "CompressionType": "",
              "DataType": "",
              "DownloadTime": 141,
              "EventId": 744,
              "HttpStatus": 304,
              "Size": 0,
              "URL": "https://opensource-demo.orangehrmlive.com/web/images/orangehrm-logo.png?v=1706326081969"
            },
            {
              "CompressionType": "",
              "DataType": "",
              "DownloadTime": 156,
              "EventId": 742,
              "HttpStatus": 304,
              "Size": 0,
              "URL": "https://opensource-demo.orangehrmlive.com/web/images/orange.png?v=1706326081969"
            },
            {
              "CompressionType": "",
              "DataType": "",
              "DownloadTime": 281,
              "EventId": 740,
              "HttpStatus": 304,
              "Size": 0,
              "URL": "https://opensource-demo.orangehrmlive.com/web/index.php/core/i18n/messages"
            },
            {
              "CompressionType": "",
              "DataType": "",
              "DownloadTime": 157,
              "EventId": 738,
              "HttpStatus": 304,
              "Size": 0,
              "URL": "https://opensource-demo.orangehrmlive.com/web/dist/js/app.js?v=1706326081969"
            },
            {
              "CompressionType": "",
              "DataType": "",
              "DownloadTime": 156,
              "EventId": 736,
              "HttpStatus": 304,
              "Size": 0,
              "URL": "https://opensource-demo.orangehrmlive.com/web/dist/js/chunk-vendors.js?v=1706326081969"
            },
            {
              "CompressionType": "",
              "DataType": "",
              "DownloadTime": 157,
              "EventId": 734,
              "HttpStatus": 304,
              "Size": 0,
              "URL": "https://opensource-demo.orangehrmlive.com/web/dist/css/app.css?v=1706326081969"
            },
            {
              "CompressionType": "",
              "DataType": "",
              "DownloadTime": 156,
              "EventId": 732,
              "HttpStatus": 304,
              "Size": 0,
              "URL": "https://opensource-demo.orangehrmlive.com/web/dist/css/chunk-vendors.css?v=1706326081969"
            },
            {
              "CompressionType": "",
              "DataType": "text/html",
              "DownloadTime": 328,
              "EventId": 730,
              "HttpStatus": 200,
              "Size": 7080,
              "URL": "https://opensource-demo.orangehrmlive.com/web/index.php/performance/viewEmployeePerformanceTrackerList"
            },
            {
              "CompressionType": "",
              "DataType": "application/json",
              "DownloadTime": 375,
              "EventId": 718,
              "HttpStatus": 200,
              "Size": 325,
              "URL": "https://opensource-demo.orangehrmlive.com/web/index.php/api/v2/performance/reviews?limit=50&offset=0&sortField=performanceReview.statusId&sortOrder=ASC"
            },
            {
              "CompressionType": "",
              "DataType": "",
              "DownloadTime": 282,
              "EventId": 716,
              "HttpStatus": 304,
              "Size": 0,
              "URL": "https://opensource-demo.orangehrmlive.com/web/index.php/pim/viewPhoto/empNumber/7"
            },
            {
              "CompressionType": "",
              "DataType": "",
              "DownloadTime": 156,
              "EventId": 714,
              "HttpStatus": 304,
              "Size": 0,
              "URL": "https://opensource-demo.orangehrmlive.com/web/images/orangehrm-logo.png?v=1706326081969"
            },
            {
              "CompressionType": "",
              "DataType": "",
              "DownloadTime": 141,
              "EventId": 712,
              "HttpStatus": 304,
              "Size": 0,
              "URL": "https://opensource-demo.orangehrmlive.com/web/images/orange.png?v=1706326081969"
            },
            {
              "CompressionType": "",
              "DataType": "",
              "DownloadTime": 281,
              "EventId": 710,
              "HttpStatus": 304,
              "Size": 0,
              "URL": "https://opensource-demo.orangehrmlive.com/web/index.php/core/i18n/messages"
            },
            {
              "CompressionType": "",
              "DataType": "",
              "DownloadTime": 156,
              "EventId": 708,
              "HttpStatus": 304,
              "Size": 0,
              "URL": "https://opensource-demo.orangehrmlive.com/web/dist/js/app.js?v=1706326081969"
            },
            {
              "CompressionType": "",
              "DataType": "",
              "DownloadTime": 157,
              "EventId": 706,
              "HttpStatus": 304,
              "Size": 0,
              "URL": "https://opensource-demo.orangehrmlive.com/web/dist/js/chunk-vendors.js?v=1706326081969"
            },
            {
              "CompressionType": "",
              "DataType": "",
              "DownloadTime": 156,
              "EventId": 704,
              "HttpStatus": 304,
              "Size": 0,
              "URL": "https://opensource-demo.orangehrmlive.com/web/dist/css/app.css?v=1706326081969"
            },
            {
              "CompressionType": "",
              "DataType": "",
              "DownloadTime": 140,
              "EventId": 702,
              "HttpStatus": 304,
              "Size": 0,
              "URL": "https://opensource-demo.orangehrmlive.com/web/dist/css/chunk-vendors.css?v=1706326081969"
            },
            {
              "CompressionType": "",
              "DataType": "text/html",
              "DownloadTime": 344,
              "EventId": 700,
              "HttpStatus": 200,
              "Size": 7097,
              "URL": "https://opensource-demo.orangehrmlive.com/web/index.php/performance/myPerformanceReview"
            },
            {
              "CompressionType": "",
              "DataType": "image/jpeg",
              "DownloadTime": 687,
              "EventId": 686,
              "HttpStatus": 200,
              "Size": 21806,
              "URL": "https://opensource-demo.orangehrmlive.com/web/index.php/pim/viewPhoto/empNumber/11"
            },
            {
              "CompressionType": "",
              "DataType": "image/jpeg",
              "DownloadTime": 703,
              "EventId": 683,
              "HttpStatus": 200,
              "Size": 123537,
              "URL": "https://opensource-demo.orangehrmlive.com/web/index.php/buzz/photo/9"
            },
            {
              "CompressionType": "",
              "DataType": "application/json",
              "DownloadTime": 578,
              "EventId": 681,
              "HttpStatus": 200,
              "Size": 324,
              "URL": "https://opensource-demo.orangehrmlive.com/web/index.php/api/v2/dashboard/employees/subunit"
            },
            {
              "CompressionType": "",
              "DataType": "image/jpeg",
              "DownloadTime": 594,
              "EventId": 679,
              "HttpStatus": 200,
              "Size": 32878,
              "URL": "https://opensource-demo.orangehrmlive.com/web/index.php/pim/viewPhoto/empNumber/22"
            },
            {
              "CompressionType": "",
              "DataType": "image/jpeg",
              "DownloadTime": 313,
              "EventId": 675,
              "HttpStatus": 200,
              "Size": 89269,
              "URL": "https://opensource-demo.orangehrmlive.com/web/index.php/buzz/photo/11"
            },
            {
              "CompressionType": "",
              "DataType": "image/jpeg",
              "DownloadTime": 484,
              "EventId": 672,
              "HttpStatus": 200,
              "Size": 20692,
              "URL": "https://opensource-demo.orangehrmlive.com/web/index.php/pim/viewPhoto/empNumber/2"
            },
            {
              "CompressionType": "",
              "DataType": "application/json",
              "DownloadTime": 485,
              "EventId": 670,
              "HttpStatus": 200,
              "Size": 272,
              "URL": "https://opensource-demo.orangehrmlive.com/web/index.php/api/v2/dashboard/employees/locations"
            },
            {
              "CompressionType": "",
              "DataType": "application/json",
              "DownloadTime": 734,
              "EventId": 666,
              "HttpStatus": 200,
              "Size": 185,
              "URL": "https://opensource-demo.orangehrmlive.com/web/index.php/api/v2/dashboard/shortcuts"
            },
            {
              "CompressionType": "",
              "DataType": "text/html",
              "DownloadTime": 406,
              "EventId": 663,
              "HttpStatus": 200,
              "Size": 0,
              "URL": "https://opensource-demo.orangehrmlive.com/web/index.php/events/push"
            },
            {
              "CompressionType": "",
              "DataType": "",
              "DownloadTime": 297,
              "EventId": 661,
              "HttpStatus": 200,
              "Size": 26800,
              "URL": "https://opensource-demo.orangehrmlive.com/web/dist/fonts/nunito-sans-v6-latin-ext_latin-italic.woff2"
            },
            {
              "CompressionType": "",
              "DataType": "application/json",
              "DownloadTime": 516,
              "EventId": 659,
              "HttpStatus": 200,
              "Size": 2648,
              "URL": "https://opensource-demo.orangehrmlive.com/web/index.php/api/v2/buzz/feed?limit=5&offset=0&sortOrder=DESC&sortField=share.createdAtUtc"
            },
            {
              "CompressionType": "",
              "DataType": "application/json",
              "DownloadTime": 422,
              "EventId": 657,
              "HttpStatus": 200,
              "Size": 66,
              "URL": "https://opensource-demo.orangehrmlive.com/web/index.php/api/v2/dashboard/employees/leaves?date=2024-02-28"
            },
            {
              "CompressionType": "",
              "DataType": "application/json",
              "DownloadTime": 344,
              "EventId": 643,
              "HttpStatus": 200,
              "Size": 159,
              "URL": "https://opensource-demo.orangehrmlive.com/web/index.php/api/v2/dashboard/employees/action-summary"
            },
            {
              "CompressionType": "",
              "DataType": "",
              "DownloadTime": 297,
              "EventId": 631,
              "HttpStatus": 200,
              "Size": 25592,
              "URL": "https://opensource-demo.orangehrmlive.com/web/dist/fonts/nunito-sans-v6-latin-ext_latin-300.woff2"
            },
            {
              "CompressionType": "",
              "DataType": "image/jpeg",
              "DownloadTime": 484,
              "EventId": 617,
              "HttpStatus": 200,
              "Size": 16256,
              "URL": "https://opensource-demo.orangehrmlive.com/web/index.php/pim/viewPhoto/empNumber/7"
            },
            {
              "CompressionType": "",
              "DataType": "image/png",
              "DownloadTime": 328,
              "EventId": 614,
              "HttpStatus": 200,
              "Size": 41913,
              "URL": "https://opensource-demo.orangehrmlive.com/web/images/dashboard_empty_widget_watermark.png"
            },
            {
              "CompressionType": "",
              "DataType": "",
              "DownloadTime": 297,
              "EventId": 611,
              "HttpStatus": 200,
              "Size": 26312,
              "URL": "https://opensource-demo.orangehrmlive.com/web/dist/fonts/nunito-sans-v6-latin-ext_latin-700.woff2"
            },
            {
              "CompressionType": "",
              "DataType": "image/png",
              "DownloadTime": 281,
              "EventId": 609,
              "HttpStatus": 200,
              "Size": 2680,
              "URL": "https://opensource-demo.orangehrmlive.com/web/images/orangehrm-logo.png?v=1706326081969"
            },
            {
              "CompressionType": "",
              "DataType": "image/png",
              "DownloadTime": 282,
              "EventId": 607,
              "HttpStatus": 200,
              "Size": 16559,
              "URL": "https://opensource-demo.orangehrmlive.com/web/images/orange.png?v=1706326081969"
            },
            {
              "CompressionType": "",
              "DataType": "",
              "DownloadTime": 281,
              "EventId": 605,
              "HttpStatus": 304,
              "Size": 0,
              "URL": "https://opensource-demo.orangehrmlive.com/web/index.php/core/i18n/messages"
            },
            {
              "CompressionType": "",
              "DataType": "",
              "DownloadTime": 141,
              "EventId": 603,
              "HttpStatus": 304,
              "Size": 0,
              "URL": "https://opensource-demo.orangehrmlive.com/web/dist/js/app.js?v=1706326081969"
            },
            {
              "CompressionType": "",
              "DataType": "",
              "DownloadTime": 172,
              "EventId": 601,
              "HttpStatus": 304,
              "Size": 0,
              "URL": "https://opensource-demo.orangehrmlive.com/web/dist/js/chunk-vendors.js?v=1706326081969"
            },
            {
              "CompressionType": "",
              "DataType": "",
              "DownloadTime": 157,
              "EventId": 599,
              "HttpStatus": 304,
              "Size": 0,
              "URL": "https://opensource-demo.orangehrmlive.com/web/dist/css/app.css?v=1706326081969"
            },
            {
              "CompressionType": "",
              "DataType": "",
              "DownloadTime": 140,
              "EventId": 597,
              "HttpStatus": 304,
              "Size": 0,
              "URL": "https://opensource-demo.orangehrmlive.com/web/dist/css/chunk-vendors.css?v=1706326081969"
            },
            {
              "CompressionType": "",
              "DataType": "text/html",
              "DownloadTime": 468,
              "EventId": 595,
              "HttpStatus": 200,
              "Size": 6331,
              "URL": "https://opensource-demo.orangehrmlive.com/web/index.php/dashboard/index"
            },
            {
              "CompressionType": "",
              "DataType": "text/html",
              "DownloadTime": 609,
              "EventId": 593,
              "HttpStatus": 302,
              "Size": 530,
              "URL": "https://opensource-demo.orangehrmlive.com/web/index.php/auth/validate"
            },
            {
              "CompressionType": "",
              "DataType": "",
              "DownloadTime": 156,
              "EventId": 586,
              "HttpStatus": 200,
              "Size": 25884,
              "URL": "https://opensource-demo.orangehrmlive.com/web/dist/fonts/nunito-sans-v6-latin-ext_latin-regular.woff2"
            },
            {
              "CompressionType": "",
              "DataType": "",
              "DownloadTime": 313,
              "EventId": 582,
              "HttpStatus": 200,
              "Size": 25884,
              "URL": "https://opensource-demo.orangehrmlive.com/web/dist/fonts/nunito-sans-v6-latin-ext_latin-regular.woff2"
            },
            {
              "CompressionType": "",
              "DataType": "",
              "DownloadTime": 141,
              "EventId": 579,
              "HttpStatus": 200,
              "Size": 25820,
              "URL": "https://opensource-demo.orangehrmlive.com/web/dist/fonts/nunito-sans-v6-latin-ext_latin-600.woff2"
            },
            {
              "CompressionType": "",
              "DataType": "",
              "DownloadTime": 313,
              "EventId": 564,
              "HttpStatus": 200,
              "Size": 121296,
              "URL": "https://opensource-demo.orangehrmlive.com/web/dist/fonts/bootstrap-icons.woff2"
            },
            {
              "CompressionType": "",
              "DataType": "",
              "DownloadTime": 313,
              "EventId": 562,
              "HttpStatus": 200,
              "Size": 25820,
              "URL": "https://opensource-demo.orangehrmlive.com/web/dist/fonts/nunito-sans-v6-latin-ext_latin-600.woff2"
            },
            {
              "CompressionType": "",
              "DataType": "",
              "DownloadTime": 297,
              "EventId": 559,
              "HttpStatus": 200,
              "Size": 25780,
              "URL": "https://opensource-demo.orangehrmlive.com/web/dist/fonts/nunito-sans-v6-latin-ext_latin-800.woff2"
            },
            {
              "CompressionType": "",
              "DataType": "application/font-woff",
              "DownloadTime": 297,
              "EventId": 557,
              "HttpStatus": 200,
              "Size": 32696,
              "URL": "https://opensource-demo.orangehrmlive.com/web/dist/fonts/nunito-sans-v6-latin-ext_latin-800.woff"
            },
            {
              "CompressionType": "",
              "DataType": "image/svg+xml",
              "DownloadTime": 297,
              "EventId": 535,
              "HttpStatus": 200,
              "Size": 289,
              "URL": "https://opensource-demo.orangehrmlive.com/web/dist/img/blob.svg"
            },
            {
              "CompressionType": "",
              "DataType": "text/html",
              "DownloadTime": 250,
              "EventId": 533,
              "HttpStatus": 503,
              "Size": 190,
              "URL": "https://opensource-demo.orangehrmlive.com/web/dist/fonts/nunito-sans-v6-latin-ext_latin-800.woff2"
            },
            {
              "CompressionType": "",
              "DataType": "image/png",
              "DownloadTime": 297,
              "EventId": 530,
              "HttpStatus": 200,
              "Size": 324441,
              "URL": "https://opensource-demo.orangehrmlive.com/web/images/ohrm_logo.png"
            },
            {
              "CompressionType": "",
              "DataType": "image/png",
              "DownloadTime": 141,
              "EventId": 527,
              "HttpStatus": 200,
              "Size": 30411,
              "URL": "https://opensource-demo.orangehrmlive.com/web/images/ohrm_branding.png?v=1706326081969"
            },
            {
              "CompressionType": "",
              "DataType": "application/json",
              "DownloadTime": 328,
              "EventId": 518,
              "HttpStatus": 200,
              "Size": 100873,
              "URL": "https://opensource-demo.orangehrmlive.com/web/index.php/core/i18n/messages"
            },
            {
              "CompressionType": "",
              "DataType": "image/vnd.microsoft.icon",
              "DownloadTime": 156,
              "EventId": 513,
              "HttpStatus": 200,
              "Size": 564,
              "URL": "https://opensource-demo.orangehrmlive.com/web/dist/favicon.ico?v=1706326081969"
            },
            {
              "CompressionType": "",
              "DataType": "application/javascript",
              "DownloadTime": 297,
              "EventId": 397,
              "HttpStatus": 200,
              "Size": 1625366,
              "URL": "https://opensource-demo.orangehrmlive.com/web/dist/js/chunk-vendors.js?v=1706326081969"
            },
            {
              "CompressionType": "",
              "DataType": "application/javascript",
              "DownloadTime": 156,
              "EventId": 301,
              "HttpStatus": 200,
              "Size": 1491165,
              "URL": "https://opensource-demo.orangehrmlive.com/web/dist/js/app.js?v=1706326081969"
            },
            {
              "CompressionType": "",
              "DataType": "text/css",
              "DownloadTime": 297,
              "EventId": 270,
              "HttpStatus": 200,
              "Size": 160886,
              "URL": "https://opensource-demo.orangehrmlive.com/web/dist/css/app.css?v=1706326081969"
            },
            {
              "CompressionType": "",
              "DataType": "text/css",
              "DownloadTime": 296,
              "EventId": 267,
              "HttpStatus": 200,
              "Size": 249969,
              "URL": "https://opensource-demo.orangehrmlive.com/web/dist/css/chunk-vendors.css?v=1706326081969"
            },
            {
              "CompressionType": "",
              "DataType": "text/html",
              "DownloadTime": 484,
              "EventId": 251,
              "HttpStatus": 200,
              "Size": 3455,
              "URL": "https://opensource-demo.orangehrmlive.com/web/index.php/auth/login"
            },
            {
              "CompressionType": "",
              "DataType": "text/html",
              "DownloadTime": 172,
              "EventId": 162,
              "HttpStatus": 302,
              "Size": 0,
              "URL": "https://opensource-demo.orangehrmlive.com/"
            }
          ],
          "SSLCipher": "ECDHE-RSA-AES256-GCM-SHA384",
          "SSLVersion": "TLS1.2"
        }
      ],
      "IncludeInScript": true
    },
    {
      "DomainName": "mozilla.org",
      "Domains": [
        {
          "HTTPVersion": "HTTP/1.1",
          "IP": "34.120.208.123",
          "IncludeInScript": false,
          "Name": "incoming.telemetry.mozilla.org",
          "Port": 443,
          "Requests": [
            {
              "CompressionType": "gzip",
              "DataType": "text/plain",
              "DownloadTime": 250,
              "EventId": 515,
              "HttpStatus": 200,
              "Size": 20,
              "URL": "https://incoming.telemetry.mozilla.org/submit/firefox-desktop/baseline/1/d694a55a-5779-497a-924b-25bc54e36208"
            },
            {
              "CompressionType": "gzip",
              "DataType": "text/plain",
              "DownloadTime": 296,
              "EventId": 434,
              "HttpStatus": 200,
              "Size": 20,
              "URL": "https://incoming.telemetry.mozilla.org/submit/firefox-desktop/newtab/1/9844afd8-400b-4987-ad00-2dd80be3fef2"
            },
            {
              "CompressionType": "gzip",
              "DataType": "text/plain",
              "DownloadTime": 312,
              "EventId": 399,
              "HttpStatus": 200,
              "Size": 20,
              "URL": "https://incoming.telemetry.mozilla.org/submit/firefox-desktop/pageload/1/11e9e0e1-8888-4b65-9057-a6830a3ff0bb"
            },
            {
              "CompressionType": "gzip",
              "DataType": "text/plain",
              "DownloadTime": 281,
              "EventId": 265,
              "HttpStatus": 200,
              "Size": 20,
              "URL": "https://incoming.telemetry.mozilla.org/submit/firefox-desktop/use-counters/1/01b521e7-b6d8-4a90-92fa-59769cfc061e"
            },
            {
              "CompressionType": "gzip",
              "DataType": "text/plain",
              "DownloadTime": 266,
              "EventId": 238,
              "HttpStatus": 200,
              "Size": 20,
              "URL": "https://incoming.telemetry.mozilla.org/submit/firefox-desktop/events/1/9c5aa13a-9ece-4d7b-ae6f-3bfbc34c7cbe"
            }
          ],
          "SSLCipher": "TLS_AES_256_GCM_SHA384",
          "SSLVersion": "TLS1.3"
        },
        {
          "HTTPVersion": "HTTP/1.1",
          "IP": "35.244.181.201",
          "IncludeInScript": false,
          "Name": "aus5.mozilla.org",
          "Port": 443,
          "Requests": [
            {
              "CompressionType": "",
              "DataType": "text/xml",
              "DownloadTime": 219,
              "EventId": 248,
              "HttpStatus": 200,
              "Size": 42,
              "URL": "https://aus5.mozilla.org/update/6/Firefox/123.0/20240213221259/WINNT_x86_64-msvc-x64/en-GB/release/Windows_NT%252010.0.0.0.19045.3324%2520(x64)/ISET%3ASSE4_2%2CMEM%3A12287/default/default/update.xml?force=1"
            }
          ],
          "SSLCipher": "TLS_AES_256_GCM_SHA384",
          "SSLVersion": "TLS1.3"
        }
      ],
      "IncludeInScript": true
    },
    {
      "DomainName": "mozilla.net",
      "Domains": [
        {
          "HTTPVersion": "HTTP/1.1",
          "IP": "34.160.144.191",
          "IncludeInScript": false,
          "Name": "content-signature-2.cdn.mozilla.net",
          "Port": 443,
          "Requests": [
            {
              "CompressionType": "",
              "DataType": "binary/octet-stream",
              "DownloadTime": 47,
              "EventId": 182,
              "HttpStatus": 200,
              "Size": 5352,
              "URL": "https://content-signature-2.cdn.mozilla.net/chains/remote-settings.content-signature.mozilla.org-2024-03-20-10-07-03.chain"
            }
          ],
          "SSLCipher": "TLS_AES_256_GCM_SHA384",
          "SSLVersion": "TLS1.3"
        }
      ],
      "IncludeInScript": true
    },
    {
      "DomainName": "mozilla.com",
      "Domains": [
        {
          "HTTPVersion": "HTTP/1.1",
          "IP": "34.107.243.93",
          "IncludeInScript": false,
          "Name": "push.services.mozilla.com",
          "Port": 443,
          "Requests": [
            {
              "CompressionType": "",
              "DataType": "",
              "DownloadTime": 203,
              "EventId": 241,
              "HttpStatus": 101,
              "Size": 0,
              "URL": "https://push.services.mozilla.com/"
            }
          ],
          "SSLCipher": "TLS_AES_256_GCM_SHA384",
          "SSLVersion": "TLS1.3"
        },
        {
          "HTTPVersion": "HTTP/1.1",
          "IP": "34.149.100.209",
          "IncludeInScript": false,
          "Name": "firefox.settings.services.mozilla.com",
          "Port": 443,
          "Requests": [
            {
              "CompressionType": "",
              "DataType": "",
              "DownloadTime": 31,
              "EventId": 223,
              "HttpStatus": 304,
              "Size": 0,
              "URL": "https://firefox.settings.services.mozilla.com/v1/buckets/main/collections/ms-language-packs/records/cfr-v1-en-GB"
            },
            {
              "CompressionType": "",
              "DataType": "application/json",
              "DownloadTime": 47,
              "EventId": 213,
              "HttpStatus": 200,
              "Size": 329,
              "URL": "https://firefox.settings.services.mozilla.com/v1/buckets/main/collections/ms-language-packs/records/cfr-v1-en-GB"
            },
            {
              "CompressionType": "",
              "DataType": "application/json",
              "DownloadTime": 31,
              "EventId": 188,
              "HttpStatus": 200,
              "Size": 939,
              "URL": "https://firefox.settings.services.mozilla.com/v1/"
            }
          ],
          "SSLCipher": "TLS_AES_256_GCM_SHA384",
          "SSLVersion": "TLS1.3"
        },
        {
          "HTTPVersion": "HTTP/1.1",
          "IP": "34.117.237.239",
          "IncludeInScript": false,
          "Name": "contile.services.mozilla.com",
          "Port": 443,
          "Requests": [
            {
              "CompressionType": "gzip",
              "DataType": "application/json",
              "DownloadTime": 234,
              "EventId": 235,
              "HttpStatus": 200,
              "Size": 798,
              "URL": "https://contile.services.mozilla.com/v1/tiles"
            }
          ],
          "SSLCipher": "TLS_AES_256_GCM_SHA384",
          "SSLVersion": "TLS1.3"
        }
      ],
      "IncludeInScript": true
    },
    {
      "DomainName": "lencr.org",
      "Domains": [
        {
          "HTTPVersion": "HTTP/1.1",
          "IP": "14.98.16.11",
          "IncludeInScript": false,
          "Name": "r3.o.lencr.org",
          "Port": 80,
          "Requests": [
            {
              "CompressionType": "",
              "DataType": "application/ocsp-response",
              "DownloadTime": 32,
              "EventId": 261,
              "HttpStatus": 200,
              "Size": 503,
              "URL": "http://r3.o.lencr.org/"
            },
            {
              "CompressionType": "",
              "DataType": "application/ocsp-response",
              "DownloadTime": 47,
              "EventId": 225,
              "HttpStatus": 200,
              "Size": 5,
              "URL": "http://r3.o.lencr.org/"
            },
            {
              "CompressionType": "",
              "DataType": "application/ocsp-response",
              "DownloadTime": 31,
              "EventId": 207,
              "HttpStatus": 200,
              "Size": 5,
              "URL": "http://r3.o.lencr.org/"
            },
            {
              "CompressionType": "",
              "DataType": "application/ocsp-response",
              "DownloadTime": 47,
              "EventId": 172,
              "HttpStatus": 200,
              "Size": 5,
              "URL": "http://r3.o.lencr.org/"
            },
            {
              "CompressionType": "",
              "DataType": "application/ocsp-response",
              "DownloadTime": 31,
              "EventId": 169,
              "HttpStatus": 200,
              "Size": 5,
              "URL": "http://r3.o.lencr.org/"
            },
            {
              "CompressionType": "",
              "DataType": "application/ocsp-response",
              "DownloadTime": 47,
              "EventId": 159,
              "HttpStatus": 200,
              "Size": 5,
              "URL": "http://r3.o.lencr.org/"
            }
          ],
          "SSLCipher": "None",
          "SSLVersion": "None"
        }
      ],
      "IncludeInScript": true
    },
    {
      "DomainName": "geotrust.com",
      "Domains": [
        {
          "HTTPVersion": "HTTP/1.1",
          "IP": "152.195.38.76",
          "IncludeInScript": true,
          "Name": "status.geotrust.com",
          "Port": 80,
          "Requests": [
            {
              "CompressionType": "",
              "DataType": "application/ocsp-response",
              "DownloadTime": 31,
              "EventId": 111,
              "HttpStatus": 200,
              "Size": 5,
              "URL": "http://status.geotrust.com/"
            }
          ],
          "SSLCipher": "None",
          "SSLVersion": "None"
        }
      ],
      "IncludeInScript": true
    },
    {
      "DomainName": "firefox.com",
      "Domains": [
        {
          "HTTPVersion": "HTTP/1.1",
          "IP": "34.107.221.82",
          "IncludeInScript": false,
          "Name": "detectportal.firefox.com",
          "Port": 80,
          "Requests": [
            {
              "CompressionType": "",
              "DataType": "text/plain",
              "DownloadTime": 31,
              "EventId": 655,
              "HttpStatus": 200,
              "Size": 8,
              "URL": "http://detectportal.firefox.com/success.txt?ipv4"
            },
            {
              "CompressionType": "",
              "DataType": "text/html",
              "DownloadTime": 47,
              "EventId": 635,
              "HttpStatus": 200,
              "Size": 90,
              "URL": "http://detectportal.firefox.com/canonical.html"
            },
            {
              "CompressionType": "",
              "DataType": "text/plain",
              "DownloadTime": 47,
              "EventId": 100,
              "HttpStatus": 200,
              "Size": 8,
              "URL": "http://detectportal.firefox.com/success.txt?ipv4"
            },
            {
              "CompressionType": "",
              "DataType": "text/html",
              "DownloadTime": 31,
              "EventId": 58,
              "HttpStatus": 200,
              "Size": 90,
              "URL": "http://detectportal.firefox.com/canonical.html"
            }
          ],
          "SSLCipher": "None",
          "SSLVersion": "None"
        }
      ],
      "IncludeInScript": true
    },
    {
      "DomainName": "digicert.com",
      "Domains": [
        {
          "HTTPVersion": "HTTP/1.1",
          "IP": "152.195.38.76",
          "IncludeInScript": false,
          "Name": "ocsp.digicert.com",
          "Port": 80,
          "Requests": [
            {
              "CompressionType": "",
              "DataType": "application/ocsp-response",
              "DownloadTime": 16,
              "EventId": 233,
              "HttpStatus": 200,
              "Size": 5,
              "URL": "http://ocsp.digicert.com/"
            },
            {
              "CompressionType": "",
              "DataType": "application/ocsp-response",
              "DownloadTime": 31,
              "EventId": 205,
              "HttpStatus": 200,
              "Size": 5,
              "URL": "http://ocsp.digicert.com/"
            }
          ],
          "SSLCipher": "None",
          "SSLVersion": "None"
        }
      ],
      "IncludeInScript": true
    }
  ],
  "WebSocket": {
    "IncludeInScript": false,
    "IsScriptIncludeWebSocket": true
  },
  "NumberOfCorrelations": 2
}